year,lowbrth,infmort,afdcprt,popul,pcinc,physic,afdcprc,d90,lpcinc,cafdcprc,clpcinc,lphysic,clphysic,clowbrth,cinfmort,afdcpay,afdcinc,lafdcpay,clafdcpy,cafdcinc,stateabb,state,beds,bedspc,lbedspc,clbedspc,povrate,cpovrate,afdcpsq,cafdcpsq,physicpc,lphypc,clphypc,lpopul,clpopul
1987,8.0,12.199999809265137,132,4084,12039,151,3.2321252822875977,0,9.395906448364258,,,5.017279624938965,,,,114,0.9469224810600281,4.736198425292969,,,AL,alabama,24.200000762939453,0.0059255631640553474,-5.128479480743408,,21.299999237060547,,10.446634292602539,,0.03697355464100838,-3.2975523471832275,,8.314831733703613,
1990,8.399999618530273,10.800000190734863,132,4041,14899,158,3.2665181159973145,1,9.609049797058105,0.0343928337097168,0.21314334869384766,5.062594890594482,0.04531526565551758,0.39999961853027344,-1.3999996185302734,115,0.7718638777732849,4.744932174682617,0.008733749389648438,-0.17505860328674316,AL,alabama,23.5,0.005815392360091209,-5.147246837615967,-0.018767356872558594,19.200000762939453,-2.0999984741210938,10.670140266418457,0.22350597381591797,0.039099231362342834,-3.241652488708496,0.055899858474731445,8.304247856140137,-0.010583877563476562
1987,4.800000190734863,10.399999618530273,19,524,18461,138,3.6259541511535645,0,9.823415756225586,,,4.927253723144531,,,,567,3.0713396072387695,6.340359210968018,,,AK,alaska,2.0,0.003816793905571103,-5.568344593048096,,12.0,,13.147543907165527,,0.2633587718009949,-1.334238052368164,,6.261491775512695,
1990,4.800000190734863,10.5,24,550,20867,146,4.363636493682861,1,9.945923805236816,0.7376823425292969,0.12250804901123047,4.983606815338135,0.056353092193603516,0.0,0.10000038146972656,651,3.119758367538452,6.478509426116943,0.13815021514892578,0.04841876029968262,AK,alaska,2.0,0.003636363660916686,-5.616771221160889,-0.04842662811279297,11.399999618530273,-0.6000003814697266,19.041322708129883,5.8937788009643555,0.2654545307159424,-1.326311707496643,0.007926344871520996,6.309918403625488,0.04842662811279297
1987,6.400000095367432,9.5,91,3400,14322,191,2.6764705181121826,0,9.569552421569824,,,5.2522735595703125,,,,268,1.8712470531463623,5.590987205505371,,,AZ,arizona,13.399999618530273,0.00394117645919323,-5.536275863647461,,12.800000190734863,,7.16349458694458,,0.05617646872997284,-2.8792572021484375,,8.13153076171875,
1990,6.400000095367432,8.800000190734863,144,3665,16169,197,3.92905855178833,1,9.690851211547852,1.2525880336761475,0.12129878997802734,5.283203601837158,0.030930042266845703,0.0,-0.6999998092651367,268,1.657492756843567,5.590987205505371,0.0,-0.2137542963027954,AZ,arizona,13.300000190734863,0.0036289223935455084,-5.618819713592529,-0.08254384994506836,13.699999809265137,0.8999996185302734,15.437500953674316,8.274005889892578,0.05375170707702637,-2.923379898071289,-0.04412269592285156,8.206583976745605,0.07505321502685547
1987,7.699999809265137,10.300000190734863,67,2388,11421,144,2.805695056915283,0,9.343209266662598,,,4.969813346862793,,,,185,1.6198230981826782,5.220355987548828,,,AR,arkansas,13.0,0.005443885922431946,-5.21326208114624,,21.799999237060547,,7.871924877166748,,0.060301508754491806,-2.8083982467651367,,7.77821159362793,
1990,8.199999809265137,9.199999809265137,73,2351,14037,150,3.1050617694854736,1,9.54945182800293,0.29936671257019043,0.20624256134033203,5.0106353759765625,0.04082202911376953,0.5,-1.1000003814697266,190,1.3535655736923218,5.247024059295654,0.026668071746826172,-0.26625752449035645,AR,arkansas,12.899999618530273,0.005487026646733284,-5.205368995666504,0.007893085479736328,19.600000381469727,-2.1999988555908203,9.641408920288086,1.769484043121338,0.06380263715982437,-2.7519607543945312,0.05643749237060547,7.762596130371094,-0.015615463256835938
1987,6.0,9.0,1708,27653,17770,242,6.176545143127441,0,9.785266876220703,,,5.488937854766846,,,,557,3.1344964504241943,6.322565078735352,,,CA,california,107.5999984741211,0.003891078755259514,-5.549068927764893,,12.300000190734863,,38.14971160888672,,0.008751311339437962,-4.738551616668701,,10.227489471435547,
1990,5.800000190734863,7.900000095367432,2023,29760,20547,244,6.797715187072754,1,9.93047046661377,0.6211700439453125,0.1452035903930664,5.497168064117432,0.008230209350585938,-0.19999980926513672,-1.0999999046325684,637,3.1002092361450195,6.4567694664001465,0.13420438766479492,-0.034287214279174805,CA,california,105.69999694824219,0.0035517471842467785,-5.640315532684326,-0.0912466049194336,13.899999618530273,1.5999994277954102,46.20893096923828,8.059219360351562,0.008198924362659454,-4.803752422332764,-0.0652008056640625,10.300920486450195,0.07343101501464844
1987,7.900000095367432,9.800000190734863,94,3293,15680,202,2.8545398712158203,0,9.660140991210938,,,5.308267593383789,,,,312,1.9897959232330322,5.7430033683776855,,,CO,colorado,14.100000381469727,0.0042818100191652775,-5.4533796310424805,,12.5,,8.148397445678711,,0.06134223937988281,-2.7912867069244385,,8.099554061889648,
1990,8.0,8.800000190734863,109,3294,18795,211,3.309046745300293,1,9.84134578704834,0.45450687408447266,0.18120479583740234,5.351858139038086,0.043590545654296875,0.09999990463256836,-1.0,320,1.702580451965332,5.7683210372924805,0.025317668914794922,-0.2872154712677002,CO,colorado,13.699999809265137,0.004159077070653439,-5.482461929321289,-0.029082298278808594,13.699999809265137,1.1999998092651367,10.949790000915527,2.8013925552368164,0.06405586004257202,-2.747999668121338,0.043287038803100586,8.099858283996582,0.00030422210693359375
1987,6.699999809265137,8.800000190734863,107,3212,21258,293,3.3312578201293945,0,9.964488983154297,,,5.680172443389893,,,,478,2.248565196990967,6.169610500335693,,,CT,connect,15.300000190734863,0.004763387143611908,-5.34679651260376,,6.599999904632568,,11.097278594970703,,0.091220423579216,-2.3944764137268066,,8.0746488571167,
1990,6.599999904632568,7.900000095367432,135,3287,25528,305,4.107088565826416,1,10.147531509399414,0.7758307456970215,0.1830425262451172,5.720311641693115,0.040139198303222656,-0.09999990463256836,-0.9000000953674316,571,2.236759662628174,6.347389221191406,0.1777787208557129,-0.011805534362792969,CT,connect,14.300000190734863,0.004350471775978804,-5.43747091293335,-0.09067440032958984,6.0,-0.5999999046325684,16.86817741394043,5.770898818969727,0.09278977662324905,-2.3774187564849854,0.01705765724182129,8.09773063659668,0.02308177947998047
1987,6.699999809265137,11.699999809265137,20,648,16305,191,3.0864198207855225,0,9.699227333068848,,,5.2522735595703125,,,,261,1.6007360219955444,5.564520359039307,,,DE,delaware,3.4000000953674316,0.005246913526207209,-5.250115394592285,,6.599999904632568,,9.52598762512207,,0.2947530746459961,-1.221617341041565,,6.473890781402588,
1990,7.599999904632568,10.100000381469727,22,666,20709,199,3.3033032417297363,1,9.938323974609375,0.21688342094421387,0.23909664154052734,5.293304920196533,0.0410313606262207,0.9000000953674316,-1.5999994277954102,292,1.4100149869918823,5.676753997802734,0.11223363876342773,-0.1907210350036621,DE,delaware,2.799999952316284,0.004204204306006432,-5.471670150756836,-0.22155475616455078,6.900000095367432,0.3000001907348633,10.911812782287598,1.3858251571655273,0.2987987995147705,-1.2079848051071167,0.013632535934448242,6.5012898445129395,0.027399063110351562
1987,7.699999809265137,10.600000381469727,307,12022,15594,203,2.5536515712738037,0,9.654641151428223,,,5.313206195831299,,,,236,1.5134025812149048,5.463831901550293,,,FL,florida,60.900001525878906,0.005065713077783585,-5.285260200500488,,12.399999618530273,,6.521136283874512,,0.016885709017515182,-4.081287860870361,,9.39449405670166,
1990,7.400000095367432,9.600000381469727,420,12938,18606,208,3.246251344680786,1,9.831239700317383,0.6925997734069824,0.17659854888916016,5.337538242340088,0.024332046508789062,-0.2999997138977051,-1.0,263,1.413522481918335,5.5721540451049805,0.1083221435546875,-0.09988009929656982,FL,florida,62.79999923706055,0.004853918682783842,-5.327969074249268,-0.0427088737487793,14.399999618530273,2.0,10.538147926330566,4.017011642456055,0.016076672822237015,-4.130385875701904,-0.04909801483154297,9.467924118041992,0.07343006134033203
1987,8.199999809265137,12.699999809265137,244,6227,14387,167,3.91841983795166,0,9.574080467224121,,,5.1179938316345215,,,,237,1.6473205089569092,5.46806001663208,,,GA,georgia,35.099998474121094,0.005636742804199457,-5.178448677062988,,14.600000381469727,,15.35401439666748,,0.026818692684173584,-3.6186561584472656,,8.736649513244629,
1990,8.699999809265137,12.399999618530273,320,6478,17041,175,4.939796447753906,1,9.743377685546875,1.021376609802246,0.1692972183227539,5.164785861968994,0.046792030334472656,0.5,-0.3000001907348633,265,1.5550730228424072,5.579730033874512,0.11167001724243164,-0.09224748611450195,GA,georgia,34.900001525878906,0.0053874654695391655,-5.223680019378662,-0.04523134231567383,15.800000190734863,1.1999998092651367,24.401588439941406,9.047574043273926,0.027014510706067085,-3.6113810539245605,0.007275104522705078,8.776166915893555,0.03951740264892578
1987,7.0,8.899999618530273,41,1082,15569,225,3.7892792224884033,0,9.653037071228027,,,5.41610050201416,,,,410,2.6334383487701416,6.016157150268555,,,HI,hawaii,3.799999952316284,0.0035120146349072456,-5.6515655517578125,,8.800000190734863,,14.358636856079102,,0.207948237657547,-1.5704660415649414,,6.986566543579102,
1990,7.099999904632568,6.699999809265137,44,1108,20461,236,3.9711191654205322,1,9.926276206970215,0.1818399429321289,0.2732391357421875,5.463831901550293,0.04773139953613281,0.09999990463256836,-2.1999998092651367,581,2.839548349380493,6.364750862121582,0.34859371185302734,0.20611000061035156,HI,hawaii,4.099999904632568,0.0037003608886152506,-5.599324703216553,0.052240848541259766,11.0,2.1999998092651367,15.769787788391113,1.4111509323120117,0.21299639344215393,-1.5464800596237183,0.023985981941223145,7.010312080383301,0.02374553680419922
1987,5.599999904632568,10.399999618530273,18,1000,11797,120,1.7999999523162842,0,9.375600814819336,,,4.787491798400879,,,,259,2.1954734325408936,5.556828022003174,,,ID,idaho,4.0,0.004000000189989805,-5.521461009979248,,15.100000381469727,,3.239999771118164,,0.11999999731779099,-2.1202635765075684,,6.907755374908447,
1990,5.699999809265137,8.699999809265137,17,1007,15137,125,1.6881827116012573,1,9.624897003173828,-0.11181724071502686,0.2492961883544922,4.828313827514648,0.04082202911376953,0.09999990463256836,-1.6999998092651367,266,1.7572834491729736,5.58349609375,0.026668071746826172,-0.4381899833679199,ID,idaho,3.9000000953674316,0.00387288979254663,-5.5537543296813965,-0.03229331970214844,14.899999618530273,-0.20000076293945312,2.8499608039855957,-0.39003896713256836,0.12413108348846436,-2.0864171981811523,0.033846378326416016,6.914731025695801,0.006975650787353516
1987,7.400000095367432,11.600000381469727,681,11584,16394,210,5.878798484802246,0,9.704670906066895,,,5.347107410430908,,,,308,1.878736138343811,5.730099678039551,,,IL,illinois,62.29999923706055,0.005378107540309429,-5.225418567657471,,14.399999618530273,,34.560272216796875,,0.018128452822566032,-4.01027250289917,,9.357379913330078,
1990,7.599999904632568,10.699999809265137,656,11431,20327,212,5.738780498504639,1,9.919705390930176,-0.14001798629760742,0.21503448486328125,5.356586456298828,0.009479045867919922,0.19999980926513672,-0.9000005722045898,342,1.6824913024902344,5.834810733795166,0.10471105575561523,-0.19624483585357666,IL,illinois,57.70000076293945,0.0050476775504648685,-5.288826942443848,-0.06340837478637695,13.699999809265137,-0.6999998092651367,32.93360137939453,-1.6266708374023438,0.018546059727668762,-3.9874980449676514,0.022774457931518555,9.344083786010742,-0.013296127319335938
1987,6.5,10.100000381469727,150,5530,13987,151,2.712477445602417,0,9.545883178710938,,,5.017279624938965,,,,241,1.723028540611267,5.48479700088501,,,IN,indiana,28.5,0.005153707228600979,-5.268038749694824,,11.100000381469727,,7.357533931732178,,0.0273056048899889,-3.600663185119629,,8.617942810058594,
1990,6.599999904632568,9.600000381469727,164,5544,16814,157,2.958153009414673,1,9.72996711730957,0.24567556381225586,0.1840839385986328,5.056245803833008,0.03896617889404297,0.09999990463256836,-0.5,263,1.5641727447509766,5.5721540451049805,0.0873570442199707,-0.15885579586029053,IN,indiana,26.399999618530273,0.00476190447807312,-5.347107410430908,-0.07906866073608398,13.0,1.8999996185302734,8.750669479370117,1.3931355476379395,0.028318902477622032,-3.564225673675537,0.0364375114440918,8.620471954345703,0.002529144287109375
1987,5.099999904632568,9.100000381469727,104,2823,14028,145,3.6840240955352783,0,9.548810958862305,,,4.976733684539795,,,,349,2.4878814220428467,5.855072021484375,,,IA,iowa,17.799999237060547,0.006305348593741655,-5.066357135772705,,14.5,,13.572033882141113,,0.05136379599571228,-2.9688217639923096,,7.945555210113525,
1990,5.400000095367432,8.100000381469727,96,2777,16848,151,3.456968069076538,1,9.731986999511719,-0.22705602645874023,0.18317604064941406,5.017279624938965,0.04054594039916992,0.3000001907348633,-1.0,371,2.2020418643951416,5.916202068328857,0.06113004684448242,-0.2858395576477051,IA,iowa,17.200000762939453,0.006193734705448151,-5.084217071533203,-0.017859935760498047,10.399999618530273,-4.100000381469727,11.950628280639648,-1.6214056015014648,0.05437522381544113,-2.91184663772583,0.05697512626647949,7.929126262664795,-0.01642894744873047
1987,6.400000095367432,9.5,67,2475,15089,169,2.7070705890655518,0,9.621721267700195,,,5.129898548126221,,,,325,2.1538870334625244,5.783825397491455,,,KS,kansas,16.700000762939453,0.006747474893927574,-4.998587131500244,,9.199999809265137,,7.328231334686279,,0.0682828277349472,-2.6840970516204834,,7.813995838165283,
1990,6.199999809265137,8.399999618530273,77,2478,17768,175,3.107344627380371,1,9.785154342651367,0.40027403831481934,0.16343307495117188,5.164785861968994,0.03488731384277344,-0.20000028610229492,-1.1000003814697266,332,1.8685276508331299,5.8051347732543945,0.021309375762939453,-0.28535938262939453,KS,kansas,16.100000381469727,0.006497175432741642,-5.036387920379639,-0.03780078887939453,10.300000190734863,1.1000003814697266,9.655591011047363,2.327359676361084,0.07062146812677383,-2.650421142578125,0.0336759090423584,7.815207004547119,0.0012111663818359375
1987,6.800000190734863,9.699999809265137,155,3723,11996,161,4.163309097290039,0,9.392328262329102,,,5.081404209136963,,,,194,1.6172057390213013,5.267858028411865,,,KY,kentucky,19.399999618530273,0.005210851319134235,-5.257011890411377,,17.299999237060547,,17.33314323425293,,0.04324469342827797,-3.140880823135376,,8.222285270690918,
1990,7.099999904632568,8.5,204,3685,14984,168,5.535956382751465,1,9.614738464355469,1.3726472854614258,0.2224102020263672,5.123963832855225,0.04255962371826172,0.2999997138977051,-1.1999998092651367,224,1.4949278831481934,5.411645889282227,0.14378786087036133,-0.12227785587310791,KY,kentucky,19.0,0.005156037863343954,-5.267586708068848,-0.010574817657470703,17.299999237060547,0.0,30.646812438964844,13.313669204711914,0.04559022933244705,-3.088061809539795,0.052819013595581055,8.21202564239502,-0.010259628295898438
1987,8.699999809265137,11.800000190734863,271,4448,11506,184,6.092626094818115,0,9.350624084472656,,,5.214935779571533,,,,167,1.4514166116714478,5.1179938316345215,,,LA,louisiana,26.600000381469727,0.005980215966701508,-5.119298458099365,,25.100000381469727,,37.120094299316406,,0.041366904973983765,-3.185274124145508,,8.400209426879883,
1990,9.199999809265137,11.100000381469727,279,4220,14300,188,6.611374378204346,1,9.568015098571777,0.5187482833862305,0.2173910140991211,5.2364420890808105,0.021506309509277344,0.5,-0.6999998092651367,167,1.1678321361541748,5.1179938316345215,0.0,-0.28358447551727295,LA,louisiana,23.899999618530273,0.005663507152348757,-5.173711776733398,-0.0544133186340332,23.600000381469727,-1.5,43.710269927978516,6.590175628662109,0.044549763202667236,-3.1111483573913574,0.07412576675415039,8.347590446472168,-0.052618980407714844
1987,5.400000095367432,8.300000190734863,52,1186,13996,173,4.384485721588135,0,9.546526908874512,,,5.153291702270508,,,,360,2.5721635818481445,5.886104106903076,,,ME,maine,6.099999904632568,0.005143338814377785,-5.270052909851074,,11.699999809265137,,19.22371482849121,,0.1458684653043747,-1.9250500202178955,,7.078341484069824,
1990,5.099999904632568,6.199999809265137,62,1228,17125,178,5.0488600730896,1,9.748294830322266,0.6643743515014648,0.2017679214477539,5.181783676147461,0.028491973876953125,-0.3000001907348633,-2.1000003814697266,422,2.464233636856079,6.0450053215026855,0.15890121459960938,-0.10792994499206543,ME,maine,5.599999904632568,0.004560260567814112,-5.39037561416626,-0.12032270431518555,13.100000381469727,1.4000005722045898,25.49098777770996,6.26727294921875,0.14495113492012024,-1.9313585758209229,-0.006308555603027344,7.113142013549805,0.03480052947998047
1987,7.800000190734863,11.5,176,4536,18217,325,3.880070447921753,0,9.810110092163086,,,5.783825397491455,,,,318,1.7456222772598267,5.762051582336426,,,MD,maryland,21.299999237060547,0.004695767071098089,-5.361093997955322,,9.199999809265137,,15.054946899414062,,0.07164902985095978,-2.6359755992889404,,8.419800758361816,
1990,7.800000190734863,9.5,198,4781,21915,334,4.141393184661865,1,9.994926452636719,0.2613227367401123,0.1848163604736328,5.811141014099121,0.027315616607666016,0.0,-2.0,370,1.6883412599563599,5.913503170013428,0.15145158767700195,-0.0572810173034668,MD,maryland,20.399999618530273,0.00426688976585865,-5.456870079040527,-0.09577608108520508,9.899999618530273,0.6999998092651367,17.151138305664062,2.09619140625,0.06985986232757568,-2.661263942718506,-0.02528834342956543,8.472405433654785,0.05260467529296875
1987,5.699999809265137,7.199999809265137,234,5856,19131,322,3.995901584625244,0,9.859065055847168,,,5.7745513916015625,,,,500,2.6135592460632324,6.214608192443848,,,MA,mass,37.400001525878906,0.0063866120763123035,-5.053551197052002,,8.199999809265137,,15.967229843139648,,0.054986339062452316,-2.9006705284118652,,8.675222396850586,
1990,5.900000095367432,7.0,282,6016,22558,337,4.6875,1,10.023844718933105,0.6915984153747559,0.1647796630859375,5.820083141326904,0.0455317497253418,0.20000028610229492,-0.19999980926513672,556,2.4647574424743652,6.320768356323242,0.10616016387939453,-0.1488018035888672,MA,mass,33.5,0.005568483844399452,-5.190632343292236,-0.13708114624023438,10.699999809265137,2.5,21.97265625,6.005426406860352,0.05601728707551956,-2.8820948600769043,0.018575668334960938,8.702178001403809,0.026955604553222656
1987,7.199999809265137,10.699999809265137,642,9205,15558,180,6.974470615386963,0,9.65233039855957,,,5.192956924438477,,,,473,3.040236473083496,6.159095287322998,,,MI,michigan,43.099998474121094,0.00468223774805665,-5.363979339599609,,12.199999809265137,,48.64324188232422,,0.019554590806365013,-3.9345452785491943,,9.12750244140625,
1990,7.599999904632568,10.699999809265137,684,9295,18297,185,7.358795166015625,1,9.814492225646973,0.3843245506286621,0.16216182708740234,5.220355987548828,0.027399063110351562,0.40000009536743164,0.0,464,2.5359349250793457,6.1398844718933105,-0.0192108154296875,-0.5043015480041504,MI,michigan,40.70000076293945,0.0043786983005702496,-5.431003570556641,-0.06702423095703125,14.300000190734863,2.1000003814697266,54.1518669128418,5.508625030517578,0.01990317367017269,-3.9168760776519775,0.017669200897216797,9.137231826782227,0.009729385375976562
1987,5.0,8.699999809265137,161,4244,15789,212,3.793591022491455,0,9.667068481445312,,,5.356586456298828,,,,509,3.2237634658813477,6.232448101043701,,,MN,minnes,25.899999618530273,0.006102733314037323,-5.099018573760986,,11.300000190734863,,14.391332626342773,,0.049952875822782516,-2.9966752529144287,,8.353261947631836,
1990,5.099999904632568,7.300000190734863,177,4375,18690,220,4.045714378356934,1,9.83574390411377,0.2521233558654785,0.16867542266845703,5.393627643585205,0.03704118728637695,0.09999990463256836,-1.3999996185302734,512,2.7394328117370605,6.2383246421813965,0.0058765411376953125,-0.4843306541442871,MN,minnes,24.600000381469727,0.005622857250273228,-5.180915355682373,-0.08189678192138672,12.0,0.6999998092651367,16.36780548095703,1.9764728546142578,0.050285715609788895,-2.990034341812134,0.006640911102294922,8.383662223815918,0.03040027618408203
1987,9.0,13.699999809265137,176,2624,10301,125,6.707316875457764,0,9.239995956420898,,,4.828313827514648,,,,117,1.1358120441436768,4.762174129486084,,,MS,mississ,17.399999618530273,0.006631097290664911,-5.015985012054443,,25.0,,44.98809814453125,,0.04763719439506531,-3.0441415309906006,,7.87245512008667,
1990,9.600000381469727,12.100000381469727,176,2573,12700,133,6.840264320373535,1,9.449357032775879,0.13294744491577148,0.20936107635498047,4.8903489112854,0.06203508377075195,0.6000003814697266,-1.5999994277954102,120,0.9448819160461426,4.787491798400879,0.025317668914794922,-0.19093012809753418,MS,mississ,17.200000762939453,0.006684803869575262,-5.007918357849121,0.008066654205322266,25.700000762939453,0.7000007629394531,46.789215087890625,1.801116943359375,0.051690634340047836,-2.9624786376953125,0.08166289329528809,7.852828025817871,-0.019627094268798828
1987,7.0,10.199999809265137,200,5107,14630,190,3.9161934852600098,0,9.590829849243164,,,5.247024059295654,,,,264,1.804511308670044,5.575949192047119,,,MO,missouri,30.799999237060547,0.006030937656760216,-5.1108527183532715,,14.0,,15.33657169342041,,0.0372038371860981,-3.2913434505462646,,8.53836727142334,
1990,7.099999904632568,9.399999618530273,218,5117,17347,196,4.260308742523193,1,9.761175155639648,0.3441152572631836,0.17034530639648438,5.2781147956848145,0.031090736389160156,0.09999990463256836,-0.8000001907348633,274,1.5795238018035889,5.613128185272217,0.037178993225097656,-0.22498750686645508,MO,missouri,29.600000381469727,0.005784639623016119,-5.1525492668151855,-0.04169654846191406,13.399999618530273,-0.6000003814697266,18.150230407714844,2.8136587142944336,0.038303691893815994,-3.262208938598633,0.029134511947631836,8.540323257446289,0.0019559860229492188
1987,5.5,10.0,29,909,12304,150,3.190319061279297,0,9.417679786682129,,,5.0106353759765625,,,,356,2.8933680057525635,5.8749308586120605,,,MT,montana,4.900000095367432,0.005390539299696684,-5.223109722137451,,18.0,,10.178135871887207,,0.16501650214195251,-1.801709771156311,,6.812345027923584,
1990,6.199999809265137,9.0,29,799,14663,158,3.6295368671417236,1,9.593082427978516,0.43921780586242676,0.17540264129638672,5.062594890594482,0.05195951461791992,0.6999998092651367,-1.0,344,2.346040964126587,5.840641498565674,-0.03428936004638672,-0.5473270416259766,MT,montana,4.900000095367432,0.0061326660215854645,-5.094125747680664,0.1289839744567871,16.299999237060547,-1.7000007629394531,13.173538208007812,2.9954023361206055,0.19774718582630157,-1.6207659244537354,0.18094384670257568,6.683361053466797,-0.1289839744567871
1987,5.5,8.600000381469727,43,1594,14100,168,2.6976161003112793,0,9.553930282592773,,,5.123963832855225,,,,316,2.2411346435546875,5.755742073059082,,,NE,nebraska,11.100000381469727,0.006963613908737898,-4.967056751251221,,11.899999618530273,,7.277132511138916,,0.10539523512125015,-2.250037908554077,,7.374001979827881,
1990,5.300000190734863,8.300000190734863,44,1578,17276,172,2.788339614868164,1,9.757073402404785,0.09072351455688477,0.20314311981201172,5.147494316101074,0.02353048324584961,-0.19999980926513672,-0.3000001907348633,336,1.9448946714401245,5.817111015319824,0.06136894226074219,-0.296239972114563,NE,nebraska,10.399999618530273,0.006590620614588261,-5.0221076011657715,-0.05505084991455078,10.300000190734863,-1.5999994277954102,7.774837970733643,0.49770545959472656,0.10899873077869415,-2.216418981552124,0.033618927001953125,7.363913536071777,-0.010088443756103516
1987,6.900000095367432,9.600000381469727,17,1006,16359,158,1.6898608207702637,0,9.702533721923828,,,5.062594890594482,,,,247,1.5098721981048584,5.509388446807861,,,NV,nevada,4.099999904632568,0.004075546748936176,-5.502750396728516,,10.399999618530273,,2.8556296825408936,,0.15705765783786774,-1.8511422872543335,,6.9137372970581055,
1990,7.199999809265137,8.399999618530273,25,1202,19680,159,2.079866886138916,1,9.887357711791992,0.39000606536865234,0.18482398986816406,5.068904399871826,0.00630950927734375,0.2999997138977051,-1.2000007629394531,278,1.4126015901565552,5.627621173858643,0.11823272705078125,-0.09727060794830322,NV,nevada,4.199999809265137,0.0034941763151437044,-5.656657695770264,-0.15390729904174805,9.800000190734863,-0.5999994277954102,4.325846195220947,1.4702165126800537,0.13227953016757965,-2.0228378772735596,-0.17169559001922607,7.091742038726807,0.17800474166870117
1987,4.900000095367432,7.800000190734863,11,1056,18083,186,1.0416666269302368,0,9.802727699279785,,,5.2257466316223145,,,,366,2.024000406265259,5.902633190155029,,,NH,newhampshire,4.800000190734863,0.004545454867184162,-5.393627643585205,,4.800000190734863,,1.0850694179534912,,0.17613635957241058,-1.7364968061447144,,6.962243556976318,
1990,4.900000095367432,7.099999904632568,21,1109,21051,200,1.8935978412628174,1,9.954703330993652,0.8519312143325806,0.1519756317138672,5.2983174324035645,0.07257080078125,0.0,-0.7000002861022949,431,2.0474085807800293,6.066108226776123,0.16347503662109375,0.023408174514770508,NH,newhampshire,4.900000095367432,0.00441839499399066,-5.421978950500488,-0.028351306915283203,6.300000190734863,1.5,3.5857126712799072,2.500643253326416,0.1803426444530487,-1.712896704673767,0.023600101470947266,7.011213779449463,0.04897022247314453
1987,7.0,9.399999618530273,320,7674,20277,234,4.169924259185791,0,9.917242050170898,,,5.455321311950684,,,,350,1.7260936498641968,5.857933044433594,,,NJ,newjers,39.400001525878906,0.005134219769388437,-5.271827220916748,,8.300000190734863,,17.388267517089844,,0.030492572113871574,-3.490272045135498,,8.945592880249023,
1990,7.0,9.0,323,7730,24977,246,4.178525447845459,1,10.125710487365723,0.008601188659667969,0.20846843719482422,5.505331516265869,0.05001020431518555,0.0,-0.39999961853027344,352,1.4092965126037598,5.863631248474121,0.005698204040527344,-0.316797137260437,NJ,newjers,38.20000076293945,0.004941785242408514,-5.310028553009033,-0.038201332092285156,9.199999809265137,0.8999996185302734,17.46007537841797,0.071807861328125,0.03182406350970268,-3.4475326538085938,0.0427393913269043,8.952863693237305,0.00727081298828125
1987,7.099999904632568,8.100000381469727,60,1496,11889,173,4.010694980621338,0,9.383368492126465,,,5.153291702270508,,,,235,1.9766170978546143,5.459585666656494,,,NM,newmexico,6.699999809265137,0.0044786096550524235,-5.408442497253418,,19.399999618530273,,16.085674285888672,,0.11564171314239502,-2.1572585105895996,,7.310550212860107,
1990,7.400000095367432,9.0,67,1515,14124,183,4.422442436218262,1,9.555630683898926,0.41174745559692383,0.17226219177246094,5.20948600769043,0.056194305419921875,0.3000001907348633,0.8999996185302734,273,1.932880163192749,5.609471797943115,0.1498861312866211,-0.043736934661865234,NM,newmexico,6.599999904632568,0.004356435500085354,-5.436100959777832,-0.027658462524414062,20.899999618530273,1.5,19.55799674987793,3.472322463989258,0.12079207599163055,-2.11368465423584,0.043573856353759766,7.3231706619262695,0.01262044906616211
1987,7.599999904632568,10.699999809265137,1019,17835,17943,307,5.713484764099121,0,9.794955253601074,,,5.7268476486206055,,,,495,2.7587358951568604,6.2045578956604,,,NY,newyork,110.0,0.006167647894471884,-5.088437557220459,,14.300000190734863,,32.6439094543457,,0.01721334457397461,-4.062070369720459,,9.788918495178223,
1990,7.599999904632568,9.600000381469727,1031,17990,22068,315,5.730961799621582,1,10.001883506774902,0.017477035522460938,0.20692825317382812,5.752572536468506,0.02572488784790039,0.0,-1.0999994277954102,556,2.5194852352142334,6.320768356323242,0.1162104606628418,-0.23925065994262695,NY,newyork,104.30000305175781,0.005797665566205978,-5.150300025939941,-0.06186246871948242,14.300000190734863,0.0,32.84392166137695,0.20001220703125,0.01750972680747509,-4.044998645782471,0.01707172393798828,9.797571182250977,0.008652687072753906
1987,7.900000095367432,11.899999618530273,171,6409,13353,179,2.6681230068206787,0,9.499496459960938,,,5.1873860359191895,,,,239,1.7898600101470947,5.476463317871094,,,NC,northcaro,29.700000762939453,0.004634108394384384,-5.374311447143555,,13.800000190734863,,7.118880271911621,,0.02792947366833687,-3.5780727863311768,,8.765458106994629,
1990,8.0,10.600000381469727,255,6629,16383,190,3.846734046936035,1,9.703999519348145,1.1786110401153564,0.20450305938720703,5.247024059295654,0.059638023376464844,0.09999990463256836,-1.2999992370605469,237,1.4466215372085571,5.46806001663208,-0.008403301239013672,-0.3432384729385376,NC,northcaro,30.100000381469727,0.004540654830634594,-5.394683837890625,-0.020372390747070312,13.0,-0.8000001907348633,14.79736328125,7.678483009338379,0.02866194024682045,-3.55218505859375,0.025887727737426758,8.799209594726562,0.033751487731933594
1987,4.900000095367432,8.699999809265137,15,671,12825,167,2.235469341278076,0,9.459151268005371,,,5.1179938316345215,,,,345,2.690058469772339,5.8435444831848145,,,ND,northdak,5.900000095367432,0.008792846463620663,-4.733816623687744,,11.399999618530273,,4.997323036193848,,0.2488822638988495,-1.3907753229141235,,6.5087690353393555,
1990,5.5,8.0,16,639,15158,170,2.5039124488830566,1,9.626283645629883,0.26844310760498047,0.16713237762451172,5.135798454284668,0.017804622650146484,0.5999999046325684,-0.6999998092651367,359,2.3683862686157227,5.883322238922119,0.03977775573730469,-0.3216722011566162,ND,northdak,5.199999809265137,0.008137715049088001,-4.811245918273926,-0.07742929458618164,13.699999809265137,2.3000001907348633,6.269577503204346,1.272254467010498,0.2660406827926636,-1.3241060972213745,0.06666922569274902,6.459904670715332,-0.04886436462402344
1987,6.599999904632568,9.300000190734863,648,10816,14575,191,5.991124153137207,0,9.58706283569336,,,5.2522735595703125,,,,299,2.0514578819274902,5.700443744659424,,,OH,ohio,56.5,0.005223742686212063,-5.254540920257568,,12.699999809265137,,35.89356994628906,,0.0176590234041214,-4.036508560180664,,9.288782119750977,
1990,7.099999904632568,9.800000190734863,657,10847,17422,196,6.056974411010742,1,9.765488624572754,0.06585025787353516,0.17842578887939453,5.2781147956848145,0.025841236114501953,0.5,0.5,328,1.8826770782470703,5.793013572692871,0.09256982803344727,-0.16878080368041992,OH,ohio,52.099998474121094,0.004803171381354332,-5.338479042053223,-0.0839381217956543,11.5,-1.1999998092651367,36.68693923950195,0.7933692932128906,0.018069513142108917,-4.013529300689697,0.022979259490966797,9.291644096374512,0.0028619766235351562
1987,6.699999809265137,9.600000381469727,101,3259,12607,145,3.0991101264953613,0,9.442007064819336,,,4.976733684539795,,,,277,2.1971919536590576,5.624017715454102,,,OK,oklahoma,16.200000762939453,0.004970849957317114,-5.304164409637451,,17.0,,9.604483604431152,,0.044492173939943314,-3.1124420166015625,,8.0891752243042,
1990,6.599999904632568,9.199999809265137,129,3146,15154,147,4.100444793701172,1,9.626019477844238,1.0013346672058105,0.18401241302490234,4.9904327392578125,0.013699054718017578,-0.09999990463256836,-0.40000057220458984,279,1.8410980701446533,5.631211757659912,0.007194042205810547,-0.3560938835144043,OK,oklahoma,14.899999618530273,0.004736172966659069,-5.35252571105957,-0.04836130142211914,15.600000381469727,-1.3999996185302734,16.813648223876953,7.209164619445801,0.04672599956393242,-3.0634546279907227,0.048987388610839844,8.053887367248535,-0.03528785705566406
1987,5.400000095367432,10.399999618530273,81,2723,13906,196,2.9746603965759277,0,9.540075302124023,,,5.2781147956848145,,,,334,2.401840925216675,5.811141014099121,,,OR,oregon,10.300000190734863,0.0037825927138328552,-5.577345371246338,,14.199999809265137,,8.848604202270508,,0.07197943329811096,-2.6313748359680176,,7.909489631652832,
1990,5.0,8.300000190734863,99,2842,17038,205,3.483462333679199,1,9.74320125579834,0.5088019371032715,0.2031259536743164,5.323009967803955,0.044895172119140625,-0.40000009536743164,-2.09999942779541,374,2.1950933933258057,5.924255847930908,0.11311483383178711,-0.20674753189086914,OR,oregon,10.399999618530273,0.003659394569694996,-5.610457420349121,-0.0331120491027832,9.199999809265137,-5.0,12.134510040283203,3.2859058380126953,0.07213230431079865,-2.629253387451172,0.002121448516845703,7.952263355255127,0.04277372360229492
1987,6.900000095367432,10.399999618530273,539,11942,15198,227,4.513481616973877,0,9.628918647766113,,,5.424950122833252,,,,335,2.204237461090088,5.8141303062438965,,,PA,pennsyl,70.69999694824219,0.005920281168073416,-5.129371166229248,,10.600000381469727,,20.371517181396484,,0.019008541479706764,-3.96286678314209,,9.387816429138184,
1990,7.099999904632568,9.600000381469727,549,11882,18725,235,4.620434284210205,1,9.837615013122559,0.10695266723632812,0.2086963653564453,5.459585666656494,0.03463554382324219,0.19999980926513672,-0.7999992370605469,382,2.040053367614746,5.945420742034912,0.13129043579101562,-0.1641840934753418,PA,pennsyl,68.5,0.005765022709965706,-5.155946254730225,-0.026575088500976562,11.0,0.39999961853027344,21.348413467407227,0.9768962860107422,0.0197778157889843,-3.923194408416748,0.0396723747253418,9.382780075073242,-0.005036354064941406
1987,6.0,8.399999618530273,42,986,15683,244,4.259634971618652,0,9.660332679748535,,,5.497168064117432,,,,433,2.760951280593872,6.070737838745117,,,RI,rhode,5.099999904632568,0.005172413773834705,-5.264415740966797,,8.100000381469727,,18.144489288330078,,0.24746450781822205,-1.396488070487976,,6.893656253814697,
1990,6.199999809265137,8.100000381469727,52,1003,18771,254,5.184446811676025,1,9.840068817138672,0.924811840057373,0.17973613739013672,5.537334442138672,0.040166378021240234,0.19999980926513672,-0.2999992370605469,499,2.658355951309204,6.212605953216553,0.14186811447143555,-0.10259532928466797,RI,rhode,4.400000095367432,0.004386839456856251,-5.4291462898254395,-0.16473054885864258,7.5,-0.6000003814697266,26.878488540649414,8.733999252319336,0.25324028730392456,-1.373416543006897,0.0230715274810791,6.910750865936279,0.01709461212158203
1987,8.600000381469727,12.699999809265137,122,3426,12078,156,3.561004161834717,0,9.399141311645508,,,5.049856185913086,,,,187,1.5482696294784546,5.231108665466309,,,SC,southcaro,15.100000381469727,0.004407472442835569,-5.4244537353515625,,15.600000381469727,,12.680750846862793,,0.045534148812294006,-3.0892927646636963,,8.139148712158203,
1990,8.699999809265137,11.699999809265137,118,3487,15043,161,3.383997678756714,1,9.618667602539062,-0.17700648307800293,0.2195262908935547,5.081404209136963,0.03154802322387695,0.09999942779541016,-1.0,203,1.3494648933410645,5.313206195831299,0.08209753036499023,-0.19880473613739014,SC,southcaro,14.600000381469727,0.004186980426311493,-5.475775241851807,-0.05132150650024414,16.200000762939453,0.6000003814697266,11.45143985748291,-1.2293109893798828,0.04617149382829666,-3.075392723083496,0.013900041580200195,8.156797409057617,0.017648696899414062
1987,5.199999809265137,9.899999618530273,18,709,12414,138,2.5387871265411377,0,9.426580429077148,,,4.927253723144531,,,,268,2.1588528156280518,5.590987205505371,,,SD,southdak,5.699999809265137,0.008039492182433605,-4.823389530181885,,15.199999809265137,,6.445440292358398,,0.19464033842086792,-1.6366018056869507,,6.5638556480407715,
1990,5.099999904632568,10.100000381469727,19,696,15566,140,2.7298851013183594,1,9.652844429016113,0.19109797477722168,0.22626399993896484,4.9416422843933105,0.014388561248779297,-0.09999990463256836,0.20000076293945312,272,1.7473981380462646,5.605802059173584,0.01481485366821289,-0.4114546775817871,SD,southdak,5.400000095367432,0.007758620660752058,-4.858950614929199,-0.03556108474731445,13.300000190734863,-1.8999996185302734,7.452272891998291,1.0068325996398926,0.20114941895008087,-1.6037073135375977,0.03289449214935303,6.545349597930908,-0.01850605010986328
1987,8.100000381469727,11.699999809265137,181,4855,12977,187,3.7281153202056885,0,9.47093391418457,,,5.231108665466309,,,,149,1.1481852531433105,5.003946304321289,,,TN,tennessee,30.200000762939453,0.006220391485840082,-5.079922199249268,,16.899999618530273,,13.898843765258789,,0.03851699456572533,-3.256655693054199,,8.487764358520508,
1990,8.199999809265137,10.300000190734863,230,4877,15869,196,4.7160139083862305,1,9.672122955322266,0.987898588180542,0.2011890411376953,5.2781147956848145,0.04700613021850586,0.09999942779541016,-1.3999996185302734,186,1.1720964908599854,5.2257466316223145,0.2218003273010254,0.023911237716674805,TN,tennessee,29.600000381469727,0.006069304887205362,-5.104511260986328,-0.024589061737060547,16.899999618530273,0.0,22.240787506103516,8.341943740844727,0.04018864035606384,-3.2141709327697754,0.04248476028442383,8.49228572845459,0.004521369934082031
1987,6.900000095367432,9.100000381469727,500,16781,13840,169,2.979560136795044,0,9.535318374633789,,,5.129898548126221,,,,169,1.2210983037948608,5.129898548126221,,,TX,texas,80.9000015258789,0.004820928443223238,-5.334788799285889,,17.600000381469727,,8.877779006958008,,0.010070913471281528,-4.598104000091553,,9.728002548217773,
1990,6.900000095367432,8.100000381469727,673,16987,16600,175,3.961853265762329,1,9.717158317565918,0.9822931289672852,0.1818399429321289,5.164785861968994,0.03488731384277344,0.0,-1.0,165,0.9939758777618408,5.105945587158203,-0.023952960968017578,-0.22712242603302002,TX,texas,78.9000015258789,0.0046447282657027245,-5.37202262878418,-0.037233829498291016,15.899999618530273,-1.7000007629394531,15.696281433105469,6.818502426147461,0.010301996022462845,-4.575417518615723,0.022686481475830078,9.740203857421875,0.012201309204101562
1987,5.699999809265137,8.800000190734863,44,1680,11530,177,2.6190476417541504,0,9.352707862854004,,,5.176149845123291,,,,344,2.9835212230682373,5.840641498565674,,,UT,utah,5.900000095367432,0.003511904738843441,-5.651596546173096,,10.199999809265137,,6.859410762786865,,0.10535714030265808,-2.250399351119995,,7.426548957824707,
1990,5.699999809265137,7.5,47,1723,14036,185,2.7278003692626953,1,9.5493803024292,0.10875272750854492,0.1966724395751953,5.220355987548828,0.04420614242553711,0.0,-1.3000001907348633,347,2.4722142219543457,5.849324703216553,0.008683204650878906,-0.5113070011138916,UT,utah,5.599999904632568,0.0032501451205462217,-5.729055404663086,-0.07745885848999023,8.199999809265137,-2.0,7.440895080566406,0.581484317779541,0.10737086832523346,-2.231466293334961,0.01893305778503418,7.451822280883789,0.02527332305908203
1987,5.300000190734863,8.5,20,547,14267,244,3.6563072204589844,0,9.565704345703125,,,5.497168064117432,,,,454,3.18216872215271,6.118097305297852,,,VT,vermont,2.5,0.004570384044200182,-5.388157844543457,,9.300000190734863,,13.368582725524902,,0.44606947898864746,-0.8072805404663086,,6.30444860458374,
1990,5.300000190734863,6.400000095367432,25,563,17630,253,4.440497398376465,1,9.77735710144043,0.7841901779174805,0.2116527557373047,5.533389568328857,0.03622150421142578,0.0,-2.0999999046325684,527,2.989223003387451,6.267200469970703,0.14910316467285156,-0.1929457187652588,VT,vermont,2.299999952316284,0.004085257649421692,-5.500370502471924,-0.1122126579284668,10.899999618530273,1.5999994277954102,19.718017578125,6.349434852600098,0.4493783414363861,-0.7998901009559631,0.007390439510345459,6.333279609680176,0.028831005096435547
1987,6.900000095367432,10.199999809265137,145,5914,16539,204,2.4518091678619385,0,9.713476181030273,,,5.318120002746582,,,,255,1.5418102741241455,5.541263580322266,,,VA,virginia,30.200000762939453,0.005106526892632246,-5.277235984802246,,9.899999618530273,,6.011368274688721,,0.034494418650865555,-3.366957664489746,,8.685077667236328,
1990,7.199999809265137,10.199999809265137,158,6187,19679,213,2.553741693496704,1,9.887307167053223,0.10193252563476562,0.17383098602294922,5.361292362213135,0.043172359466552734,0.2999997138977051,0.0,265,1.3466131687164307,5.579730033874512,0.038466453552246094,-0.19519710540771484,VA,virginia,29.200000762939453,0.00471957353875041,-5.35603666305542,-0.07880067825317383,11.100000381469727,1.2000007629394531,6.521596431732178,0.510228157043457,0.03442702442407608,-3.368913412094116,-0.001955747604370117,8.730205535888672,0.04512786865234375
1987,5.300000190734863,9.699999809265137,208,4542,15634,206,4.579480171203613,0,9.657203674316406,,,5.327876091003418,,,,441,2.820775270462036,6.08904504776001,,,WA,washington,16.5,0.003632760839536786,-5.617762565612793,,10.0,,20.971637725830078,,0.04535447061061859,-3.0932464599609375,,8.421122550964355,
1990,5.300000190734863,7.800000190734863,237,4867,18738,213,4.8695292472839355,1,9.838309288024902,0.29004907608032227,0.1811056137084961,5.361292362213135,0.0334162712097168,0.0,-1.8999996185302734,452,2.412210464477539,6.113682270050049,0.024637222290039062,-0.40856480598449707,WA,washington,15.800000190734863,0.003246353007853031,-5.730223178863525,-0.11246061325073242,8.899999618530273,-1.1000003814697266,23.71231460571289,2.7406768798828125,0.04376412555575371,-3.1289408206939697,-0.03569436073303223,8.490233421325684,0.06911087036132812
1987,7.099999904632568,9.800000190734863,111,1898,11013,164,5.84826135635376,0,9.306831359863281,,,5.0998663902282715,,,,246,2.2337238788604736,5.505331516265869,,,WV,westvirg,11.300000190734863,0.0059536355547606945,-5.123753070831299,,21.600000381469727,,34.2021598815918,,0.08640674501657486,-2.4486894607543945,,7.548555850982666,
1990,7.099999904632568,9.899999618530273,109,1793,13722,166,6.079196929931641,1,9.526755332946777,0.23093557357788086,0.2199239730834961,5.111987590789795,0.012121200561523438,0.0,0.09999942779541016,249,1.8146042823791504,5.517452716827393,0.012121200561523438,-0.41911959648132324,WV,westvirg,10.199999809265137,0.005688789766281843,-5.169257640838623,-0.04550457000732422,18.100000381469727,-3.5,36.956634521484375,2.754474639892578,0.09258226305246353,-2.379657745361328,0.0690317153930664,7.491645336151123,-0.05691051483154297
1987,5.400000095367432,8.600000381469727,271,4807,14674,181,5.6376118659973145,0,9.593832969665527,,,5.1984968185424805,,,,487,3.3187952041625977,6.188263893127441,,,WI,wisconsin,25.399999618530273,0.005283960606902838,-5.24307918548584,,9.0,,31.78266716003418,,0.037653423845767975,-3.2793314456939697,,8.477828025817871,
1990,5.900000095367432,8.199999809265137,236,4892,17455,189,4.824203014373779,1,9.76738166809082,-0.8134088516235352,0.17354869842529297,5.24174690246582,0.043250083923339844,0.5,-0.40000057220458984,464,2.65826416015625,6.1398844718933105,-0.04837942123413086,-0.6605310440063477,WI,wisconsin,23.700000762939453,0.004844644572585821,-5.329881191253662,-0.08680200576782227,9.300000190734863,0.3000001907348633,23.272933959960938,-8.509733200073242,0.03863450512290001,-3.2536094188690186,0.025722026824951172,8.495356559753418,0.017528533935546875
1987,7.699999809265137,9.199999809265137,13,490,12836,134,2.6530611515045166,0,9.46000862121582,,,4.8978400230407715,,,,308,2.399501323699951,5.730099678039551,,,WY,wyoming,3.0999999046325684,0.00632653059437871,-5.063003063201904,,10.800000190734863,,7.03873348236084,,0.27346938848495483,-1.2965655326843262,,6.194405555725098,
1990,7.400000095367432,8.600000381469727,16,454,16467,139,3.524229049682617,1,9.709114074707031,0.8711678981781006,0.24910545349121094,4.934473991394043,0.036633968353271484,-0.2999997138977051,-0.5999994277954102,313,1.9007712602615356,5.746203422546387,0.016103744506835938,-0.4987300634384155,WY,wyoming,2.9000000953674316,0.006387665402144194,-5.053386211395264,0.009616851806640625,11.0,0.19999980926513672,12.420190811157227,5.381457328796387,0.3061673939228058,-1.1836233139038086,0.11294221878051758,6.118097305297852,-0.0763082504272461
